{"K": 0.1789576174519301, "Q": 0.16281053114106314, "NY": 0.14384907591333734, "BX": 0.08778556783091045, "O": 0.05250290498306759, "R": 0.03292314143269856}