{"NY": 0.6319218241042345, "K": 0.16938110749185667, "Q": 0.08143322475570032, "BX": 0.06514657980456026, "R": 0.05211726384364821}