{"K": 0.30661205383265067, "X": 0.23990637799882972, "M": 0.20070216500877705, "Q": 0.19953188999414861, "R": 0.042715038033937974, "O": 0.0011702750146284377}